Company Name,City,Tier
Piramal Finance Limited,Pune,anchor
Lonar Technologies Private Limited,Pune,standard
Comprehensive Cloud Technologies Pvt. Ltd,Pune,standard
Interior Elevation,Pune,standard
Ramchandra Sabhagruha,Pune,standard
SME Cargo,Pune,standard
Next space architects,Chennai,standard
Creative Style Homes,Chennai,standard
Creative Design,Chennai,standard
BS Createch,Chennai,standard
OneHub Digital Marketing & IT Services,Chennai,standard
P & P Marketing,Chennai,standard
Upshift Graphics,Chennai,standard
Vortex Engineering Pvt. Ltd. (Corporate),Chennai,standard
Beyond Digital Marketing Agency,Chennai,standard
Kite Media,Chennai,standard
MALARCHI,Chennai,standard
Preethi Architects,Bengaluru,standard
Wright Inspires India, Architects-Interior Designers,Bengaluru,standard
Cubic Associates Private Limited,Bengaluru,standard
GIS Realty and Infra Pvt Ltd,Bengaluru,standard
Anantapadmam Builders Pvt. Ltd.,Bengaluru,standard
IYLA Constructions and structural consultants.,Bengaluru,standard
Sixth Realm - Architecture & Interior Design Firm,Bengaluru,standard
Mayukam Tech Services,Bengaluru,standard
Z Axis Design Studio,Bengaluru,standard
AKAR DESIGN STUDIO,Bengaluru,standard
iOceane Branding,Bengaluru,standard
PANDAeCe,Bengaluru,standard
Growthians Marketing - Best Digital Marketing Company In Bangalore,Bengaluru,standard
